{
  "slope_norm": -0.10617378680400184,
  "surface_cost": -0.04832502736000094,
  "dist_to_building": 0.03944132535768164,
  "corridor_width": 0.004499741803418704,
  "entrance_alignment": -0.07354624553327622,
  "twi": -0.02875743845720451
}